,train_loss,train_acc,test_loss,test_acc
0,0.24682503498494626,92.50166666666667,0.06622461515984435,97.75359424920129
1,0.13299369252479326,96.01333333333334,0.051815859029462306,98.34265175718849
2,0.11344231965790193,96.655,0.04650539293143607,98.49241214057508
3,0.109929997768191,96.70166666666667,0.041877668013593806,98.72204472843451
4,0.1016172526496773,96.945,0.06909565082050119,97.74361022364218
