,train_loss,train_acc,test_loss,test_acc
0,0.9397580127398173,65.38833333333334,0.6031143786236882,78.20487220447285
1,inf,60.46666666666667,0.8253004434771432,69.83825878594249
2,0.8624296131292979,68.415,0.6422079418794796,74.84025559105432
3,0.7531903770605723,72.08166666666666,0.6283520855271397,76.39776357827476
4,0.7065535912195842,74.06833333333333,0.5625355197979619,79.74241214057508
