,train_loss,train_acc,test_loss,test_acc
0,0.25981503153716523,92.04166666666667,0.060573745496141855,97.9932108626198
1,0.14072159690385064,95.89666666666666,0.049429482126862524,98.3326677316294
2,0.11967145672133192,96.47,0.04943624797446894,98.40255591054313
3,0.11015715642838428,96.75,0.045379881171034295,98.49241214057508
4,0.102080169307068,96.955,0.052213602622813986,98.28274760383387
5,0.10132219941432898,97.00666666666666,0.04224000665053376,98.67212460063898
6,0.09563542162215648,97.09666666666666,0.042840772611169246,98.78194888178913
